faq_id,pregunta,respuesta
1,"¿Qué es Casa Residencial La Joya y dónde está ubicada?","Casa Residencial La Joya es una lujosa propiedad ubicada cerca de la Colonia La Herradura Club de Golf en Monterrey, conocida por su diseño de alta calidad y su cocina profesional."
2,"¿Qué instalaciones especiales ofrece Casa Residencial La Joya?","La casa cuenta con una cocina profesional, ideal para amantes de la cocina, así como acceso a instalaciones como una casa club y una alberca."
3,"¿Cuántas habitaciones tiene la Casa Residencial La Joya?","La Casa Residencial La Joya dispone de tres amplias recámaras."
4,"¿Qué tipo de diseño arquitectónico tiene la Casa Jardines de Valle Alto?","La Casa Jardines de Valle Alto, en construcción en Sierra Alta, tiene un diseño arquitectónico único adaptado a un terreno descendente, lo que ofrece vistas únicas y un uso del espacio innovador."
5,"¿Cuándo se espera que la construcción de la Casa Jardines de Valle Alto esté terminada?","La construcción de la Casa Jardines de Valle Alto se espera que esté terminada para mayo de 2024."
6,"¿Qué oportunidades de personalización hay para la Casa Jardines de Valle Alto?","Los compradores tienen la oportunidad única de personalizar acabados y detalles de la Casa Jardines de Valle Alto mientras está en construcción."
7,"¿Qué hace a la colonia Sierra Alta una ubicación deseable para vivir?","Sierra Alta es una colonia en crecimiento en Monterrey, conocida por su potencial de desarrollo y su creciente atractivo como una comunidad vibrante y dinámica."
8,"¿Qué consideraciones debo tener al comprar una propiedad en construcción?","Al comprar una propiedad en construcción, es importante considerar el historial y la fiabilidad del constructor, el potencial de personalización, y el calendario de construcción y entrega."
9,"¿Cómo afecta la ubicación de una propiedad a su valor en el mercado inmobiliario?","La ubicación es uno de los factores más importantes en el valor de una propiedad, con áreas de alta demanda y desarrollo constante generalmente llevando a un mayor valor de reventa."
10,"¿Qué beneficios ofrece vivir cerca de un club de golf, como en el caso de la Casa Residencial La Joya?","Vivir cerca de un club de golf suele ofrecer un entorno tranquilo y prestigioso, acceso a instalaciones de ocio de alta calidad y, a menudo, mayor seguridad y privacidad."
11,"¿Qué debo buscar en una cocina si me gusta cocinar, como en la Casa Residencial La Joya?","Busque una cocina con amplio espacio de trabajo, electrodomésticos de alta gama, y almacenamiento adecuado, características todas presentes en la cocina de la Casa Residencial La Joya."
12,"¿Cómo se determina el precio de una propiedad en el mercado inmobiliario?","El precio de una propiedad se determina por varios factores, incluyendo su ubicación, tamaño, condición, instalaciones y el mercado inmobiliario actual."
13,"¿Qué es importante considerar en cuanto a la seguridad en una residencia de lujo?","En una residencia de lujo, es importante considerar sistemas de seguridad avanzados, vigilancia y, en algunos casos, la seguridad proporcionada por la comunidad o colonia en la que se encuentra."
14,"¿Es posible ver una propiedad en construcción como la Casa Jardines de Valle Alto?","Sí, generalmente es posible organizar visitas a propiedades en construcción, pero estas deben ser coordinadas con el constructor y se deben tomar precauciones de seguridad."
15,"¿Qué mantenimiento requiere una alberca en una propiedad residencial?","El mantenimiento de una alberca incluye la limpieza regular, el equilibrio químico del agua, y el cuidado del sistema de filtración y bomba."
